,user_id,user_email,user_registration_dt,user_city,utm_source,utm_campaign
0,1425,anilidic1822@outlook.com,2020-06-23,Екатеринбург,yandex_direct,gnrl|953233
1,1429,bornagain1847@gmail.com,2020-08-15,Санкт-Петербург,yandex_direct,gnrl|445275
2,1434,engluts2049@yahoo.com,2020-03-07,Новосибирск,yandex_direct,ret|574813
3,1436,hedgehog2019@live.com,2020-09-04,Москва,yandex_direct,gnrl|845242
4,1439,chinook1914@yahoo.com,2020-06-29,Москва,yandex_direct,gnrl|845242
5,1443,snakemouths1913@outlook.com,2020-01-22,Москва,yandex_direct,ret|574813
6,1446,metaluminic1838@gmail.com,2020-02-14,Екатеринбург,,
7,1451,guidage1946@yahoo.com,2020-07-01,Москва,google_ads,lal|487809
8,1453,carambole2027@outlook.com,2020-11-23,Москва,yandex_direct,gnrl|845242
9,1456,syed1827@outlook.com,2020-02-29,Самара,fb,lal|772023
10,1460,climbed1855@protonmail.com,2020-03-06,Санкт-Петербург,fb,lal|772023
11,1465,externity1945@gmail.com,2020-03-12,Санкт-Петербург,fb,lal|772023
12,1469,larcenies1978@live.com,2021-01-03,Санкт-Петербург,google_ads,lal|487809
13,1474,arles1838@gmail.com,2020-02-03,Москва,google_ads,lal|487809
14,1477,blaze2060@protonmail.com,2020-12-01,Омск,yandex_direct,gnrl|326308
15,1482,thumps2055@gmail.com,2020-12-07,Омск,yandex_direct,gnrl|326308
16,1486,socked1859@live.com,2020-02-13,Москва,yandex_direct,gnrl|953233
17,1494,headsmen2057@protonmail.com,2020-12-19,Москва,yandex_direct,gnrl|326308
18,1497,designers1919@outlook.com,2020-01-16,Москва,yandex_direct,gnrl|953233
19,1501,unniceness2032@yahoo.com,2020-06-10,Москва,yandex_direct,ret|574813
20,1506,crista2005@outlook.com,2020-08-01,Санкт-Петербург,yandex_direct,gnrl|445275
21,1510,ballsy1949@yandex.com,2020-01-21,Казань,yandex_direct,gnrl|445275
22,1511,arylate1988@outlook.com,2020-05-17,Москва,vk,lal|727027
23,1515,wingy1831@outlook.com,2020-09-20,Москва,yandex_direct,gnrl|326308
24,1519,apodeictical1922@yandex.com,2020-09-12,Москва,yandex_direct,gnrl|953233
25,1524,hypoergic2022@protonmail.com,2020-09-13,Омск,yandex_direct,gnrl|953233
26,1528,jacanas1903@yahoo.com,2020-05-09,Новосибирск,yandex_direct,gnrl|845242
27,1530,milliweber2015@yahoo.com,2020-05-30,Новосибирск,yandex_direct,ret|574813
28,1531,spiritually1937@gmail.com,2020-05-09,Ростов-на-Дону,fb,gnrl|755263
29,1533,adamant2032@yahoo.com,2020-01-20,Москва,yandex_direct,gnrl|953233
30,1536,fettuccine1886@yahoo.com,2020-07-31,Челябинск,yandex_direct,gnrl|953233
31,1538,protrusile1899@protonmail.com,2020-07-05,Москва,vk,lal|727027
32,1540,exophasic1837@yandex.com,2020-03-13,Москва,vk,lal|727027
33,1544,stele2040@yandex.com,2020-03-31,Санкт-Петербург,yandex_direct,gnrl|445275
34,1549,kentrogon2015@yahoo.com,2020-04-02,Москва,yandex_direct,gnrl|445275
35,1554,animations2024@live.com,2020-04-27,Москва,yandex_direct,ret|574813
36,1555,aphotic1957@gmail.com,2020-05-10,Москва,yandex_direct,gnrl|953233
37,1557,inequality1904@gmail.com,2020-10-20,Новосибирск,yandex_direct,gnrl|845242
38,1557,earrings2066@live.com,2020-02-28,Новосибирск,vk,lal|727027
39,1559,antiquarian1956@yahoo.com,2020-04-25,Челябинск,yandex_direct,gnrl|445275
40,1559,ticky2037@yandex.com,2020-06-16,Нижний Новгород,,
41,1562,aceology2055@live.com,2020-03-28,Москва,yandex_direct,gnrl|326308
42,1565,wimple2054@live.com,2020-05-08,Санкт-Петербург,vk,lal|727027
43,1566,egret1905@yahoo.com,2020-08-16,Санкт-Петербург,yandex_direct,gnrl|445275
44,1569,sylvin1852@yahoo.com,2020-08-21,Новосибирск,yandex_direct,gnrl|445275
45,1569,superstardom2026@outlook.com,2020-02-23,Москва,fb,lal|772023
46,1569,californicus2050@yandex.com,2020-11-11,Москва,yandex_direct,gnrl|845242
47,1569,draughtsman1853@outlook.com,2020-06-22,Нижний Новгород,yandex_direct,gnrl|863656
48,1575,animated1825@outlook.com,2020-07-01,Казань,yandex_direct,gnrl|863656
49,1578,nonslipping2019@protonmail.com,2020-03-19,Москва,yandex_direct,gnrl|326308
50,1579,awave1921@live.com,2020-06-13,Нижний Новгород,fb,lal|772023
51,1580,copyist2045@live.com,2020-06-11,Челябинск,yandex_direct,gnrl|326308
52,1581,overspeculation1986@live.com,2020-12-18,Москва,yandex_direct,gnrl|326308
53,1585,vedism1810@yandex.com,2020-05-22,Москва,google_ads,lal|487809
54,1591,zoroaster1912@gmail.com,2020-05-24,Москва,google_ads,lal|487809
55,1591,koala1905@gmail.com,2020-12-27,Москва,vk,lal|727027
56,1592,chichi1961@live.com,2020-05-31,Екатеринбург,,
57,1599,strutting1946@live.com,2020-04-25,Москва,yandex_direct,gnrl|326308
58,1603,breeds1965@protonmail.com,2020-03-08,Москва,fb,gnrl|755263
59,1606,unalimentative1821@protonmail.com,2020-08-28,Санкт-Петербург,yandex_direct,gnrl|863656
60,1611,paleichthyology1995@yahoo.com,2020-09-01,Москва,yandex_direct,gnrl|863656
61,1615,newborns1839@live.com,2020-01-15,Казань,yandex_direct,gnrl|845242
62,1616,pouncing2008@gmail.com,2020-10-25,Новосибирск,yandex_direct,gnrl|445275
63,1619,exegete2055@live.com,2020-11-26,Москва,yandex_direct,gnrl|326308
64,1623,burdensomely2060@protonmail.com,2020-04-18,Москва,fb,gnrl|755263
65,1627,unrooted2033@gmail.com,2020-08-27,Ростов-на-Дону,yandex_direct,gnrl|445275
66,1630,adorer1832@yahoo.com,2020-07-28,Ростов-на-Дону,yandex_direct,ret|574813
67,1634,intrigued1893@yandex.com,2020-07-30,Санкт-Петербург,yandex_direct,ret|574813
68,1635,trytophan1935@live.com,2020-04-12,Москва,yandex_direct,gnrl|845242
69,1638,homeothermic1854@protonmail.com,2020-07-27,Москва,yandex_direct,gnrl|953233
70,1641,effectible2030@outlook.com,2020-09-04,Санкт-Петербург,yandex_direct,gnrl|953233
71,1642,preprudently1835@live.com,2020-01-31,Москва,vk,lal|727027
72,1647,dashed1922@protonmail.com,2020-09-30,Самара,yandex_direct,gnrl|863656
73,1650,arctalian1935@outlook.com,2020-03-15,Москва,vk,lal|727027
74,1654,regularity1804@protonmail.com,2020-08-22,Казань,yandex_direct,gnrl|445275
75,1654,vandalic1892@protonmail.com,2020-07-14,Новосибирск,yandex_direct,gnrl|445275
76,1656,scurry2000@yandex.com,2020-05-01,Нижний Новгород,fb,gnrl|755263
77,1660,castell1849@gmail.com,2020-10-12,Санкт-Петербург,yandex_direct,ret|574813
78,1660,sgraffito1979@gmail.com,2020-10-09,Нижний Новгород,,
79,1662,sillago1974@gmail.com,2020-12-27,Москва,yandex_direct,gnrl|863656
80,1662,tafia1960@outlook.com,2020-02-10,Москва,fb,lal|772023
81,1663,phthalein1809@outlook.com,2020-06-29,Москва,yandex_direct,gnrl|863656
82,1665,evacuator1840@gmail.com,2020-01-19,Москва,fb,gnrl|755263
83,1666,parallelized2013@live.com,2020-09-01,Москва,,
84,1671,toruloid1840@yandex.com,2020-08-03,Москва,vk,lal|727027
85,1672,flattop1906@yandex.com,2020-09-08,Екатеринбург,yandex_direct,gnrl|953233
86,1677,chaudhry1954@gmail.com,2020-04-01,Нижний Новгород,yandex_direct,ret|574813
87,1679,belissa1933@yahoo.com,2020-04-15,Новосибирск,yandex_direct,gnrl|845242
88,1680,arrogant1926@gmail.com,2020-12-05,Санкт-Петербург,yandex_direct,ret|574813
89,1683,lactim2031@yandex.com,2020-12-10,Санкт-Петербург,yandex_direct,ret|574813
90,1688,memoir1840@live.com,2020-09-21,Екатеринбург,vk,lal|727027
91,1692,fagottino1947@protonmail.com,2020-09-04,Екатеринбург,fb,gnrl|755263
92,1694,boatly1986@yahoo.com,2020-07-10,Казань,yandex_direct,gnrl|863656
93,1697,glioma1965@live.com,2020-02-16,Самара,yandex_direct,gnrl|863656
94,1698,darrack1841@live.com,2020-11-26,Москва,,
95,1703,schnecken2042@outlook.com,2020-03-24,Нижний Новгород,fb,gnrl|755263
96,1704,adoptable1833@live.com,2020-10-19,Москва,yandex_direct,gnrl|845242
97,1708,gulonic2000@gmail.com,2020-07-17,Москва,yandex_direct,gnrl|953233
98,1713,mandrill1946@gmail.com,2020-07-17,Екатеринбург,yandex_direct,gnrl|953233
99,1715,paterero2044@gmail.com,2020-12-28,Москва,yandex_direct,gnrl|953233
100,1719,breeds1805@yandex.com,2020-11-10,Нижний Новгород,yandex_direct,gnrl|863656
101,1724,bouse2038@gmail.com,2020-12-15,Самара,yandex_direct,gnrl|953233
102,1727,empress1868@protonmail.com,2020-08-04,Нижний Новгород,yandex_direct,gnrl|845242
103,1728,eupeptically2018@protonmail.com,2020-05-07,Санкт-Петербург,google_ads,lal|487809
104,1733,fogger2070@live.com,2020-11-15,Санкт-Петербург,yandex_direct,gnrl|445275
105,1737,ludicrous2022@gmail.com,2020-04-28,Екатеринбург,yandex_direct,gnrl|445275
106,1740,brainwork1963@live.com,2020-11-24,Москва,yandex_direct,gnrl|953233
107,1747,bloodsports1925@yahoo.com,2020-10-08,Москва,yandex_direct,gnrl|326308
108,1750,pentachenium1960@gmail.com,2020-08-27,Москва,yandex_direct,gnrl|326308
109,1750,enterocoele2035@yandex.com,2020-09-19,Казань,yandex_direct,gnrl|326308
110,1754,boreades1879@gmail.com,2020-09-27,Москва,yandex_direct,gnrl|326308
111,1755,expansible1927@live.com,2020-05-22,Самара,yandex_direct,gnrl|953233
112,1758,drover1928@yahoo.com,2020-10-19,Омск,vk,lal|727027
113,1762,myelopathy1945@live.com,2020-11-11,Ростов-на-Дону,google_ads,lal|487809
114,1762,annalisa1933@yandex.com,2020-07-10,Москва,yandex_direct,gnrl|845242
115,1766,ditto1927@yahoo.com,2020-09-25,Омск,fb,lal|772023
116,1772,anterograde1851@live.com,2020-10-02,Челябинск,google_ads,lal|487809
117,1776,eidetic1837@yahoo.com,2020-07-28,Казань,yandex_direct,ret|574813
118,1777,grudge1925@yahoo.com,2020-10-28,Омск,yandex_direct,gnrl|326308
119,1779,arcane1978@live.com,2020-09-28,Ростов-на-Дону,yandex_direct,gnrl|845242
120,1782,partridge1889@protonmail.com,2020-06-19,Санкт-Петербург,yandex_direct,gnrl|445275
121,1784,counts1810@live.com,2020-05-03,Москва,google_ads,lal|487809
122,1786,brigandine1815@yahoo.com,2020-07-24,Санкт-Петербург,yandex_direct,ret|574813
123,1787,churchill1885@protonmail.com,2020-01-05,Екатеринбург,fb,gnrl|755263
124,1791,caking1930@yahoo.com,2020-06-15,Санкт-Петербург,yandex_direct,gnrl|845242
125,1796,iguana2051@yahoo.com,2020-04-15,Ростов-на-Дону,yandex_direct,ret|574813
126,1797,bosset1841@yandex.com,2020-09-07,Санкт-Петербург,yandex_direct,gnrl|863656
127,1799,explorers1914@gmail.com,2020-10-26,Екатеринбург,,
128,1803,heathrman1830@live.com,2020-05-08,Санкт-Петербург,yandex_direct,gnrl|953233
129,1805,caplin1859@outlook.com,2020-06-09,Омск,yandex_direct,ret|574813
130,1809,curvilinear1925@outlook.com,2020-10-20,Новосибирск,yandex_direct,gnrl|863656
131,1815,cichlid1910@outlook.com,2020-08-11,Москва,google_ads,lal|487809
132,1817,convected1885@outlook.com,2020-08-06,Москва,yandex_direct,ret|574813
133,1820,severality1862@gmail.com,2020-04-10,Москва,yandex_direct,gnrl|445275
134,1823,adventuring1917@gmail.com,2020-06-20,Санкт-Петербург,yandex_direct,ret|574813
135,1827,ventages1857@yandex.com,2020-03-16,Москва,vk,lal|727027
136,1833,fortuneteller1971@live.com,2020-08-11,Москва,yandex_direct,gnrl|863656
137,1833,snails1828@live.com,2020-04-07,Москва,,
138,1839,drier1807@live.com,2020-02-20,Москва,google_ads,lal|487809
139,1843,phytosauria1803@yandex.com,2020-12-17,Москва,fb,gnrl|755263
140,1847,deaved1840@yahoo.com,2020-12-11,Санкт-Петербург,yandex_direct,gnrl|326308
141,1850,eightsmen1876@gmail.com,2020-11-13,Нижний Новгород,yandex_direct,gnrl|845242
142,1855,toelike1826@live.com,2020-06-25,Москва,yandex_direct,gnrl|845242
143,1857,berkowitz1872@yahoo.com,2020-01-29,Ростов-на-Дону,fb,gnrl|755263
144,1859,ayukawa1837@gmail.com,2020-06-01,Санкт-Петербург,yandex_direct,gnrl|863656
145,1862,anionics1846@live.com,2020-08-14,Москва,yandex_direct,gnrl|863656
146,1862,blandishingly1949@yandex.com,2020-08-27,Челябинск,fb,lal|772023
147,1863,ineradicability1847@gmail.com,2020-02-03,Москва,fb,lal|772023
148,1867,acetaminol1885@yandex.com,2020-07-27,Омск,vk,lal|727027
149,1871,billowy1911@protonmail.com,2020-08-13,Москва,fb,gnrl|755263
150,1873,invite1967@yahoo.com,2020-09-09,Санкт-Петербург,vk,lal|727027
151,1876,wongsky1803@yandex.com,2020-05-01,Москва,yandex_direct,gnrl|845242
152,1879,philepitta2003@yahoo.com,2020-09-13,Екатеринбург,fb,gnrl|755263
153,1882,caridean1933@outlook.com,2020-10-02,Москва,google_ads,lal|487809
154,1886,falcon1955@outlook.com,2020-11-14,Санкт-Петербург,yandex_direct,gnrl|953233
155,1891,breaklist1882@outlook.com,2020-11-17,Москва,yandex_direct,gnrl|953233
156,1895,bellman1976@yandex.com,2020-09-15,Москва,yandex_direct,ret|574813
157,1897,arulo1980@gmail.com,2020-02-07,Нижний Новгород,fb,lal|772023
158,1901,crab2005@yahoo.com,2020-12-22,Москва,vk,lal|727027
159,1906,allegiances2021@yandex.com,2020-12-22,Москва,vk,lal|727027
160,1909,benefactory1945@protonmail.com,2020-09-16,Москва,yandex_direct,gnrl|953233
161,1910,physiognomist1981@live.com,2020-10-02,Екатеринбург,yandex_direct,gnrl|445275
162,1914,greengage1979@yandex.com,2020-07-06,Казань,vk,lal|727027
163,1916,carlet1825@gmail.com,2020-08-23,Москва,yandex_direct,gnrl|863656
164,1920,rudiment1972@live.com,2020-09-06,Казань,google_ads,lal|487809
165,1922,borneo1867@protonmail.com,2020-01-22,Москва,google_ads,lal|487809
166,1926,anemone1915@live.com,2020-06-12,Нижний Новгород,yandex_direct,gnrl|845242
167,1931,sabed2022@yahoo.com,2020-06-12,Москва,yandex_direct,gnrl|845242
168,1934,chegre1824@outlook.com,2020-01-20,Москва,google_ads,lal|487809
169,1937,englishmen1933@yahoo.com,2020-08-11,Ростов-на-Дону,google_ads,lal|487809
170,1942,bouncer1971@live.com,2020-10-05,Санкт-Петербург,yandex_direct,gnrl|863656
171,1946,bouto1951@gmail.com,2020-09-20,Санкт-Петербург,google_ads,lal|487809
172,1947,jug1891@protonmail.com,2020-09-07,Москва,yandex_direct,gnrl|445275
173,1948,unaltering1909@live.com,2020-04-25,Новосибирск,yandex_direct,gnrl|326308
174,1952,aryballi1812@protonmail.com,2020-05-03,Москва,fb,lal|772023
175,1956,akita2020@yahoo.com,2020-09-19,Казань,yandex_direct,gnrl|845242
176,1961,anthropos2029@yandex.com,2020-10-10,Самара,yandex_direct,gnrl|953233
177,1965,sensationistic2057@yahoo.com,2020-08-22,Санкт-Петербург,vk,lal|727027
178,1969,phrenetically1806@protonmail.com,2020-04-10,Санкт-Петербург,google_ads,lal|487809
179,1973,atman1841@live.com,2020-11-09,Москва,fb,lal|772023
180,1976,bounder2055@yandex.com,2020-12-12,Ростов-на-Дону,fb,lal|772023
181,1980,calcinosis1920@protonmail.com,2020-05-23,Москва,yandex_direct,gnrl|953233
182,1982,longa2042@live.com,2020-08-18,Санкт-Петербург,yandex_direct,gnrl|845242
183,1985,paratrophy1946@outlook.com,2020-08-19,Москва,yandex_direct,gnrl|845242
184,1987,unties1952@live.com,2020-07-03,Нижний Новгород,yandex_direct,gnrl|863656
185,1989,kickxia1917@protonmail.com,2020-09-22,Москва,yandex_direct,gnrl|845242
186,1992,clonus1840@yahoo.com,2020-09-24,Ростов-на-Дону,yandex_direct,gnrl|845242
187,1998,acromegalies1981@outlook.com,2020-07-26,Новосибирск,yandex_direct,gnrl|845242
188,2004,ass1892@live.com,2020-07-16,Москва,yandex_direct,ret|574813
189,2004,condurango1806@protonmail.com,2020-01-14,Санкт-Петербург,yandex_direct,gnrl|953233
190,2005,skellum1924@yahoo.com,2020-09-11,Казань,yandex_direct,gnrl|863656
191,2009,demur1998@live.com,2020-09-14,Челябинск,yandex_direct,gnrl|863656
192,2012,precogitation1993@gmail.com,2020-01-26,Санкт-Петербург,vk,lal|727027
193,2014,nonobstetrically1887@yahoo.com,2020-04-10,Санкт-Петербург,google_ads,lal|487809
194,2018,jay1913@gmail.com,2020-02-10,Новосибирск,vk,lal|727027
195,2022,inducing1959@outlook.com,2020-07-11,Екатеринбург,yandex_direct,gnrl|953233
196,2027,bygones1865@yahoo.com,2020-07-16,Ростов-на-Дону,yandex_direct,gnrl|953233
197,2032,bommer2036@live.com,2020-03-13,Екатеринбург,yandex_direct,gnrl|445275
198,2037,unalterable1941@yandex.com,2020-11-24,Санкт-Петербург,fb,lal|772023
199,2041,undistrustfulness1840@yandex.com,2020-10-16,Москва,yandex_direct,gnrl|326308
200,2043,enzym1967@live.com,2020-11-29,Екатеринбург,yandex_direct,ret|574813
201,2043,aboriginal1973@protonmail.com,2020-10-20,Нижний Новгород,yandex_direct,gnrl|953233
202,2046,clepsydra1859@outlook.com,2020-07-03,Москва,yandex_direct,gnrl|326308
203,2050,jujube1826@gmail.com,2020-07-07,Москва,yandex_direct,gnrl|326308
204,2054,triceratopses1930@protonmail.com,2020-04-01,Санкт-Петербург,yandex_direct,gnrl|445275
205,2059,objectionably2039@outlook.com,2020-04-02,Санкт-Петербург,yandex_direct,gnrl|445275
206,2059,polyphone2023@yahoo.com,2020-11-24,Казань,,
207,2063,fores1853@protonmail.com,2020-03-02,Москва,yandex_direct,gnrl|953233
208,2067,earwig2026@yahoo.com,2020-05-13,Москва,google_ads,lal|487809
209,2071,encloud1849@outlook.com,2020-09-17,Санкт-Петербург,yandex_direct,ret|574813
210,2074,nympholept1928@yahoo.com,2020-07-24,Санкт-Петербург,yandex_direct,gnrl|326308
211,2077,brimborion2067@yahoo.com,2020-06-29,Москва,yandex_direct,ret|574813
212,2079,transplace1890@yandex.com,2020-11-18,Москва,yandex_direct,gnrl|953233
213,2082,subcostae2021@yahoo.com,2020-11-22,Казань,yandex_direct,gnrl|953233
214,2087,caregiver1982@yandex.com,2020-11-08,Москва,vk,lal|727027
215,2090,eyetooth2010@live.com,2020-02-04,Санкт-Петербург,fb,lal|772023
216,2094,compress1812@protonmail.com,2020-02-05,Москва,fb,lal|772023
217,2099,zaffre1847@gmail.com,2020-02-05,Санкт-Петербург,fb,lal|772023
218,2103,symphoricarpos2014@yahoo.com,2020-07-27,Москва,fb,lal|772023
219,2107,septenate1905@yandex.com,2020-05-24,Казань,yandex_direct,gnrl|326308
220,2110,uranolatry1951@outlook.com,2020-06-13,Самара,google_ads,lal|487809
221,2113,analyst1999@outlook.com,2020-10-31,Москва,fb,lal|772023
222,2116,smokers1989@yahoo.com,2020-07-22,Санкт-Петербург,fb,gnrl|755263
223,2118,spoonyism1921@protonmail.com,2021-01-01,Санкт-Петербург,fb,gnrl|755263
224,2122,cheng2050@outlook.com,2020-07-20,Москва,yandex_direct,gnrl|863656
225,2127,arras1883@yahoo.com,2020-07-22,Самара,yandex_direct,gnrl|863656
226,2132,protegulum1865@outlook.com,2020-02-12,Казань,yandex_direct,gnrl|863656
227,2132,baht1943@yahoo.com,2020-06-20,Москва,yandex_direct,gnrl|445275
228,2136,belanda2020@live.com,2020-08-15,Москва,yandex_direct,gnrl|326308
229,2140,basnet1998@yandex.com,2020-04-22,Екатеринбург,google_ads,lal|487809
230,2142,nucleary1902@live.com,2020-04-01,Нижний Новгород,fb,lal|772023
231,2146,aggest2018@protonmail.com,2020-05-14,Санкт-Петербург,vk,lal|727027
232,2148,alten1981@live.com,2020-07-15,Санкт-Петербург,fb,gnrl|755263
233,2150,woofs2047@yahoo.com,2020-07-31,Ростов-на-Дону,yandex_direct,gnrl|445275
234,2154,hechsherim2031@yahoo.com,2020-08-05,Москва,yandex_direct,gnrl|445275
235,2155,alluring1891@live.com,2020-05-04,Москва,fb,lal|772023
236,2160,clethra1838@yahoo.com,2020-12-21,Санкт-Петербург,yandex_direct,gnrl|845242
237,2161,elaterist1960@protonmail.com,2020-01-30,Омск,yandex_direct,gnrl|863656
238,2165,alvine1867@protonmail.com,2021-01-17,Москва,yandex_direct,gnrl|863656
239,2166,transubstantiate1943@yandex.com,2020-04-05,Москва,fb,lal|772023
240,2168,ennead1803@live.com,2020-04-06,Москва,fb,lal|772023
241,2172,boilerman1942@gmail.com,2020-09-03,Москва,fb,gnrl|755263
242,2175,uppercut2052@live.com,2020-02-29,Челябинск,fb,gnrl|755263
243,2177,buffoonish1858@yandex.com,2020-06-11,Москва,google_ads,lal|487809
244,2183,caved2027@yandex.com,2020-08-15,Москва,yandex_direct,gnrl|863656
245,2184,tovarish2024@outlook.com,2020-12-25,Нижний Новгород,fb,gnrl|755263
246,2185,mule1948@live.com,2020-01-29,Москва,yandex_direct,gnrl|845242
247,2186,nongaseous2014@protonmail.com,2020-10-03,Санкт-Петербург,fb,gnrl|755263
248,2191,simplum1865@outlook.com,2020-11-17,Санкт-Петербург,yandex_direct,gnrl|445275
249,2196,allida2034@yandex.com,2020-06-30,Новосибирск,yandex_direct,ret|574813
250,2199,sardine1954@yandex.com,2020-08-30,Москва,yandex_direct,gnrl|445275
251,2200,prosobranch1854@yandex.com,2020-06-06,Санкт-Петербург,fb,gnrl|755263
252,2203,broch1813@outlook.com,2020-05-05,Омск,yandex_direct,gnrl|845242
253,2206,aback2035@live.com,2020-10-24,Екатеринбург,yandex_direct,gnrl|445275
254,2210,welcome2004@gmail.com,2020-05-19,Москва,vk,lal|727027
255,2212,chaplin2065@live.com,2020-04-09,Москва,yandex_direct,gnrl|863656
256,2216,harpy1909@protonmail.com,2020-04-17,Москва,yandex_direct,gnrl|863656
257,2220,addicted2013@yandex.com,2020-04-02,Нижний Новгород,fb,gnrl|755263
258,2222,cingulate1944@gmail.com,2020-02-03,Челябинск,yandex_direct,gnrl|863656
259,2224,elizabethan1859@gmail.com,2020-09-27,Омск,fb,gnrl|755263
260,2228,imbonity1928@outlook.com,2020-07-04,Москва,yandex_direct,gnrl|953233
261,2231,paellas2019@yahoo.com,2020-03-05,Москва,yandex_direct,gnrl|445275
262,2236,madiga2028@protonmail.com,2020-02-18,Москва,yandex_direct,gnrl|863656
263,2242,coumara1908@outlook.com,2020-02-18,Санкт-Петербург,yandex_direct,gnrl|863656
264,2242,pluguglies1873@outlook.com,2020-01-22,Самара,,
265,2242,blackfeet1960@gmail.com,2020-08-29,Екатеринбург,yandex_direct,gnrl|845242
266,2248,comate1929@yahoo.com,2020-11-23,Москва,fb,lal|772023
267,2255,redias1950@protonmail.com,2020-11-30,Новосибирск,fb,lal|772023
268,2259,adminstration1815@gmail.com,2020-05-14,Санкт-Петербург,yandex_direct,gnrl|445275
269,2264,dives1831@yandex.com,2020-09-25,Москва,yandex_direct,gnrl|953233
270,2265,hare1998@yahoo.com,2020-09-12,Самара,,
271,2268,coyan1918@yandex.com,2020-06-14,Москва,yandex_direct,gnrl|845242
272,2269,dosanjh2024@outlook.com,2020-08-31,Москва,vk,lal|727027
273,2272,assentatory1948@live.com,2020-09-05,Москва,vk,lal|727027
274,2276,axled1972@yandex.com,2020-12-26,Санкт-Петербург,yandex_direct,gnrl|326308
275,2277,navite1856@live.com,2020-05-03,Санкт-Петербург,fb,lal|772023
276,2281,headwaiter2059@yandex.com,2020-09-02,Новосибирск,vk,lal|727027
277,2283,videotape1981@yandex.com,2020-03-12,Екатеринбург,,
278,2289,nincum1923@protonmail.com,2020-07-20,Омск,yandex_direct,gnrl|445275
279,2290,armour1969@gmail.com,2020-10-08,Омск,vk,lal|727027
280,2294,hayforks1801@protonmail.com,2020-11-09,Омск,vk,lal|727027
281,2296,sylvin1819@live.com,2020-05-19,Санкт-Петербург,yandex_direct,gnrl|863656
282,2300,cyrtidae1894@gmail.com,2020-08-21,Москва,yandex_direct,gnrl|326308
283,2301,letdown2046@protonmail.com,2020-08-03,Самара,fb,gnrl|755263
284,2305,alterant1839@live.com,2020-08-08,Казань,fb,gnrl|755263
285,2307,wingy1888@yandex.com,2020-05-31,Санкт-Петербург,yandex_direct,gnrl|326308
286,2311,avgas1858@gmail.com,2020-06-07,Нижний Новгород,yandex_direct,gnrl|326308
287,2315,banat2007@outlook.com,2020-11-21,Москва,google_ads,lal|487809
288,2315,pedicab1924@outlook.com,2020-04-17,Челябинск,yandex_direct,gnrl|326308
289,2319,persuasibly1927@live.com,2020-11-27,Москва,fb,gnrl|755263
290,2321,disgracer1821@protonmail.com,2020-01-28,Москва,yandex_direct,gnrl|445275
291,2324,damocles1866@gmail.com,2020-06-17,Санкт-Петербург,yandex_direct,gnrl|863656
292,2326,penicilliform2012@outlook.com,2020-09-07,Новосибирск,yandex_direct,gnrl|863656
293,2327,lactim1848@live.com,2020-01-20,Санкт-Петербург,yandex_direct,gnrl|845242
294,2329,myelopathy2014@yahoo.com,2020-07-30,Санкт-Петербург,yandex_direct,gnrl|953233
295,2332,redias2032@outlook.com,2020-03-10,Москва,fb,lal|772023
296,2335,seaside1953@yandex.com,2020-02-19,Москва,yandex_direct,gnrl|953233
297,2339,acanth2047@yandex.com,2020-03-16,Москва,yandex_direct,gnrl|863656
298,2343,catgut1834@gmail.com,2020-08-11,Москва,fb,gnrl|755263
299,2346,industrochemical1900@gmail.com,2020-04-24,Новосибирск,yandex_direct,gnrl|953233
300,2349,hardline2042@yahoo.com,2020-05-29,Санкт-Петербург,fb,lal|772023
301,2350,hastings1939@yandex.com,2020-09-15,Челябинск,yandex_direct,gnrl|845242
302,2355,poohing2036@yahoo.com,2020-03-02,Нижний Новгород,fb,lal|772023
303,2358,dined1823@protonmail.com,2020-01-29,Новосибирск,fb,lal|772023
304,2363,cingulate1804@yahoo.com,2020-11-18,Ростов-на-Дону,yandex_direct,gnrl|953233
305,2364,doina2023@outlook.com,2020-06-09,Москва,vk,lal|727027
306,2368,eulalia1917@outlook.com,2020-06-13,Санкт-Петербург,vk,lal|727027
307,2368,administrate1972@outlook.com,2020-11-27,Санкт-Петербург,yandex_direct,ret|574813
308,2373,lieve1942@gmail.com,2020-03-31,Казань,fb,gnrl|755263
309,2379,galagos1966@yandex.com,2020-04-05,Москва,fb,gnrl|755263
310,2381,comfort2042@yahoo.com,2020-05-01,Москва,yandex_direct,gnrl|863656
311,2383,infectionist1867@yahoo.com,2020-06-07,Новосибирск,yandex_direct,ret|574813
312,2385,pastilled1874@outlook.com,2020-03-28,Москва,,
313,2390,brennand1821@yandex.com,2020-01-20,Самара,vk,lal|727027
314,2396,bikini1917@yandex.com,2020-01-21,Новосибирск,vk,lal|727027
315,2401,keyless1908@yandex.com,2020-10-25,Самара,yandex_direct,gnrl|445275
316,2403,standardbred1822@live.com,2020-01-24,Санкт-Петербург,yandex_direct,ret|574813
317,2408,cablet1981@live.com,2020-11-01,Москва,yandex_direct,gnrl|863656
318,2410,caxton1955@yandex.com,2020-06-01,Санкт-Петербург,,
319,2412,vomer1984@yandex.com,2020-12-28,Москва,yandex_direct,gnrl|326308
320,2413,athletics1843@yandex.com,2020-02-09,Москва,yandex_direct,gnrl|845242
321,2415,oversowed1954@gmail.com,2020-11-11,Казань,google_ads,lal|487809
322,2418,doolittle1810@yandex.com,2021-01-06,Санкт-Петербург,fb,gnrl|755263
323,2423,hiddenmost1859@outlook.com,2020-08-25,Москва,google_ads,lal|487809
324,2423,snakemouths2053@live.com,2020-02-12,Самара,fb,lal|772023
325,2427,numbat1859@live.com,2020-05-04,Екатеринбург,vk,lal|727027
326,2433,biochemical1998@outlook.com,2020-10-12,Москва,fb,gnrl|755263
327,2437,buffoonish1947@yandex.com,2020-08-14,Казань,yandex_direct,gnrl|953233
328,2440,deaved2058@outlook.com,2020-03-27,Москва,fb,lal|772023
329,2443,harpy1929@yahoo.com,2020-11-30,Омск,fb,lal|772023
330,2448,billows2049@outlook.com,2020-07-25,Новосибирск,yandex_direct,gnrl|445275
331,2452,apologies1981@yahoo.com,2020-12-01,Москва,google_ads,lal|487809
332,2456,succursal2011@outlook.com,2020-03-23,Екатеринбург,yandex_direct,gnrl|326308
333,2457,sawbucks1999@yandex.com,2020-01-16,Москва,yandex_direct,gnrl|953233
334,2460,codeless1834@yandex.com,2020-03-10,Челябинск,vk,lal|727027
335,2463,navite1987@yahoo.com,2020-01-19,Нижний Новгород,fb,gnrl|755263
336,2467,subgalea1925@yahoo.com,2020-01-26,Ростов-на-Дону,fb,gnrl|755263
337,2468,addiction1959@yandex.com,2020-11-16,Москва,yandex_direct,gnrl|953233
338,2472,hygenics2010@live.com,2020-10-07,Москва,yandex_direct,gnrl|445275
339,2473,nubigenous1943@gmail.com,2020-02-16,Санкт-Петербург,fb,lal|772023
340,2477,croquette1874@yandex.com,2020-04-03,Москва,vk,lal|727027
341,2481,dayton1902@yandex.com,2020-10-14,Москва,fb,lal|772023
342,2485,decoupage2003@live.com,2020-11-22,Москва,yandex_direct,gnrl|445275
343,2488,chlorozincate1945@protonmail.com,2020-02-14,Санкт-Петербург,google_ads,lal|487809
344,2489,fireworkless1832@gmail.com,2020-07-20,Екатеринбург,fb,gnrl|755263
345,2493,ceramics1856@yandex.com,2021-01-02,Москва,yandex_direct,ret|574813
346,2497,elevator1843@yahoo.com,2020-05-30,Санкт-Петербург,google_ads,lal|487809
347,2501,symmetrically2061@protonmail.com,2020-03-21,Санкт-Петербург,google_ads,lal|487809
348,2505,wronghead1880@yandex.com,2020-05-04,Москва,yandex_direct,gnrl|845242
349,2508,astral1847@protonmail.com,2020-06-11,Москва,yandex_direct,gnrl|953233
350,2508,skere1907@yandex.com,2020-05-30,Москва,,
351,2513,jarbird2017@outlook.com,2020-06-30,Новосибирск,yandex_direct,ret|574813
352,2518,unsuperstitiousness1965@live.com,2020-04-26,Санкт-Петербург,yandex_direct,ret|574813
353,2521,jovicentrical1926@protonmail.com,2020-11-04,Екатеринбург,yandex_direct,gnrl|326308
354,2521,brooklyn1861@protonmail.com,2020-04-19,Екатеринбург,yandex_direct,gnrl|953233
355,2525,latipennate2013@yandex.com,2020-04-29,Нижний Новгород,yandex_direct,gnrl|953233
356,2525,dwale1901@outlook.com,2020-02-12,Москва,fb,gnrl|755263
357,2527,angelate1948@gmail.com,2020-10-27,Новосибирск,yandex_direct,gnrl|845242
358,2530,camel1802@yandex.com,2020-10-03,Москва,yandex_direct,gnrl|326308
359,2535,akita1954@outlook.com,2020-04-22,Санкт-Петербург,yandex_direct,gnrl|445275
360,2541,glome1937@live.com,2020-04-22,Ростов-на-Дону,yandex_direct,gnrl|445275
361,2544,clients1907@yahoo.com,2020-12-24,Москва,yandex_direct,ret|574813
362,2548,rhinoplasty2022@gmail.com,2020-12-24,Москва,yandex_direct,ret|574813
363,2549,identify1884@yahoo.com,2020-12-01,Ростов-на-Дону,yandex_direct,ret|574813
364,2552,dorelia1941@yandex.com,2020-01-09,Санкт-Петербург,vk,lal|727027
365,2556,algal1852@yahoo.com,2020-03-08,Ростов-на-Дону,google_ads,lal|487809
366,2556,leases1884@protonmail.com,2020-06-07,Москва,yandex_direct,ret|574813
367,2558,tromometric2014@yandex.com,2020-04-04,Москва,yandex_direct,gnrl|445275
368,2561,fermentitious2046@yandex.com,2020-09-12,Москва,yandex_direct,gnrl|953233
369,2563,abrasax1983@protonmail.com,2020-11-22,Москва,google_ads,lal|487809
370,2568,irradiation1866@live.com,2020-07-12,Санкт-Петербург,yandex_direct,gnrl|845242
371,2574,cercle1954@gmail.com,2020-11-02,Москва,yandex_direct,gnrl|863656
372,2576,gieaway1967@live.com,2020-10-08,Казань,yandex_direct,gnrl|445275
373,2578,chieftain1822@yandex.com,2020-07-24,Челябинск,yandex_direct,gnrl|326308
374,2582,pretranscription1988@yahoo.com,2020-08-01,Екатеринбург,yandex_direct,gnrl|326308
375,2587,tastier1846@yahoo.com,2020-10-31,Москва,fb,lal|772023
376,2589,bronze2034@yandex.com,2020-01-27,Казань,yandex_direct,gnrl|953233
377,2592,recalcitrating1869@yandex.com,2020-11-09,Москва,google_ads,lal|487809
378,2596,afternight1911@protonmail.com,2020-07-25,Санкт-Петербург,yandex_direct,gnrl|326308
379,2599,flounder1834@yandex.com,2020-10-31,Москва,yandex_direct,gnrl|326308
380,2603,fuligulinae1985@gmail.com,2020-10-31,Москва,yandex_direct,gnrl|326308
381,2609,huddlingly1867@yandex.com,2020-05-31,Москва,yandex_direct,gnrl|445275
382,2611,dovelet1877@yahoo.com,2020-05-31,Москва,fb,gnrl|755263
383,2611,theologer1843@gmail.com,2020-05-22,Челябинск,yandex_direct,gnrl|445275
384,2615,giggled1983@gmail.com,2020-12-12,Омск,yandex_direct,ret|574813
385,2617,polyparies1840@live.com,2020-07-26,Казань,fb,gnrl|755263
386,2621,cuirassed2045@live.com,2020-08-15,Санкт-Петербург,fb,lal|772023
387,2624,azoturias2036@protonmail.com,2020-03-22,Ростов-на-Дону,google_ads,lal|487809
388,2628,infectionist2052@gmail.com,2020-01-14,Санкт-Петербург,yandex_direct,gnrl|445275
389,2630,claimed1930@yandex.com,2020-12-09,Москва,fb,gnrl|755263
390,2635,beagle1932@outlook.com,2020-12-20,Санкт-Петербург,fb,gnrl|755263
391,2640,agnosia1886@protonmail.com,2020-09-17,Омск,fb,lal|772023
392,2646,adenine1998@live.com,2020-09-27,Москва,fb,lal|772023
393,2648,avgas1844@live.com,2020-06-04,Екатеринбург,yandex_direct,gnrl|445275
394,2651,protologist1854@yandex.com,2020-08-02,Москва,yandex_direct,gnrl|953233
395,2655,swan1900@gmail.com,2020-08-28,Самара,google_ads,lal|487809
396,2660,marsupialia1987@outlook.com,2020-03-19,Челябинск,fb,lal|772023
397,2661,cooling1879@yahoo.com,2020-07-25,Омск,yandex_direct,ret|574813
398,2665,discoverer1822@yandex.com,2020-04-16,Москва,google_ads,lal|487809
399,2667,expansible1871@outlook.com,2020-03-28,Москва,vk,lal|727027
400,2671,precollegiate1847@live.com,2020-08-29,Омск,yandex_direct,gnrl|953233
401,2672,arsenium1959@live.com,2020-05-25,Нижний Новгород,yandex_direct,gnrl|953233
402,2672,pourer1981@outlook.com,2020-09-01,Нижний Новгород,fb,lal|772023
403,2676,religionists1896@gmail.com,2020-03-19,Москва,yandex_direct,ret|574813
404,2679,agnoite1932@yandex.com,2020-08-25,Москва,yandex_direct,gnrl|953233
405,2683,daleth1940@live.com,2020-04-04,Москва,yandex_direct,gnrl|445275
406,2686,us1995@outlook.com,2020-02-03,Екатеринбург,yandex_direct,gnrl|863656
407,2691,oxides2004@yandex.com,2020-03-22,Москва,yandex_direct,gnrl|326308
408,2693,developed1987@yandex.com,2020-05-01,Москва,yandex_direct,gnrl|863656
409,2693,cattle1868@yahoo.com,2020-10-25,Москва,yandex_direct,gnrl|953233
410,2693,exhaustedness2018@protonmail.com,2020-11-16,Челябинск,yandex_direct,gnrl|845242
411,2696,anasa1961@gmail.com,2020-06-09,Санкт-Петербург,vk,lal|727027
412,2701,mastiff1956@yandex.com,2020-06-11,Москва,vk,lal|727027
413,2701,syncretion1844@gmail.com,2020-02-04,Санкт-Петербург,yandex_direct,gnrl|845242
414,2706,juliennes1855@live.com,2020-02-21,Нижний Новгород,yandex_direct,gnrl|845242
415,2706,segued1844@yahoo.com,2020-11-13,Новосибирск,yandex_direct,gnrl|953233
416,2706,buffoonish1845@yandex.com,2020-11-12,Самара,,
417,2706,eagle1991@outlook.com,2020-06-24,Москва,yandex_direct,gnrl|326308
418,2709,ruttily1967@yahoo.com,2020-06-08,Москва,yandex_direct,gnrl|863656
419,2713,celarent1990@protonmail.com,2020-06-12,Москва,yandex_direct,gnrl|863656
420,2716,hypoergic1888@outlook.com,2020-10-14,Санкт-Петербург,yandex_direct,ret|574813
421,2720,jophiel2039@yandex.com,2020-12-29,Москва,yandex_direct,gnrl|445275
422,2726,creating2018@yahoo.com,2021-01-06,Челябинск,yandex_direct,gnrl|445275
423,2730,bakers1878@yandex.com,2020-02-22,Самара,yandex_direct,gnrl|326308
424,2731,batiks2020@yahoo.com,2020-02-13,Санкт-Петербург,yandex_direct,gnrl|953233
425,2735,catfight2028@outlook.com,2020-01-28,Москва,yandex_direct,gnrl|845242
426,2738,brags1932@protonmail.com,2020-09-17,Санкт-Петербург,yandex_direct,gnrl|845242
427,2741,meteorology1861@gmail.com,2020-01-10,Москва,yandex_direct,gnrl|326308
428,2743,desecration1915@yahoo.com,2020-09-23,Самара,yandex_direct,gnrl|863656
429,2748,equiperiodic1802@yahoo.com,2020-09-23,Москва,fb,gnrl|755263
430,2750,bilayer2004@yandex.com,2020-12-09,Москва,,
431,2751,chroococcaceous2026@gmail.com,2020-10-02,Казань,yandex_direct,gnrl|845242
432,2754,ovenful1840@gmail.com,2020-07-08,Москва,vk,lal|727027
433,2755,retying1873@live.com,2020-10-21,Санкт-Петербург,fb,gnrl|755263
434,2758,dalt2044@gmail.com,2020-04-02,Москва,yandex_direct,gnrl|953233
435,2760,plasmid1966@outlook.com,2020-10-31,Москва,yandex_direct,gnrl|326308
436,2765,devastating2020@outlook.com,2020-04-17,Москва,yandex_direct,ret|574813
437,2768,brigandine1813@protonmail.com,2020-12-22,Нижний Новгород,yandex_direct,gnrl|845242
438,2773,kiwi1883@protonmail.com,2020-07-06,Санкт-Петербург,yandex_direct,gnrl|326308
439,2777,compassionless2009@outlook.com,2020-02-23,Москва,google_ads,lal|487809
440,2778,cradler1847@yandex.com,2020-08-25,Москва,yandex_direct,ret|574813
441,2783,displeasingness1871@protonmail.com,2020-08-25,Москва,yandex_direct,gnrl|863656
442,2785,dassent2019@yahoo.com,2020-12-10,Екатеринбург,yandex_direct,gnrl|845242
443,2789,bumpy1911@yahoo.com,2020-01-19,Самара,yandex_direct,gnrl|445275
444,2791,starship1984@live.com,2020-12-24,Москва,yandex_direct,gnrl|953233
445,2794,speculate1841@yahoo.com,2020-12-30,Санкт-Петербург,yandex_direct,gnrl|863656
446,2798,arley2047@yahoo.com,2020-11-11,Москва,yandex_direct,gnrl|845242
447,2802,spratted1921@yandex.com,2020-08-13,Екатеринбург,google_ads,lal|487809
448,2808,countenancing2048@gmail.com,2020-07-21,Новосибирск,fb,lal|772023
449,2809,multibranchiate1860@yandex.com,2020-10-08,Нижний Новгород,vk,lal|727027
450,2815,arana2065@protonmail.com,2020-03-16,Санкт-Петербург,fb,gnrl|755263
451,2817,tuatera1961@gmail.com,2020-02-12,Москва,fb,lal|772023
452,2820,woodcock1999@yahoo.com,2020-12-17,Санкт-Петербург,yandex_direct,gnrl|445275
453,2820,herring1959@gmail.com,2020-10-17,Казань,yandex_direct,gnrl|845242
454,2821,donatistical1867@live.com,2020-07-16,Москва,fb,lal|772023
455,2824,dives1805@live.com,2020-10-09,Ростов-на-Дону,yandex_direct,gnrl|863656
456,2826,peculiarise1959@gmail.com,2020-08-17,Казань,fb,lal|772023
457,2828,juking1959@live.com,2020-03-13,Новосибирск,yandex_direct,ret|574813
458,2829,glomerate1955@protonmail.com,2020-07-14,Екатеринбург,yandex_direct,gnrl|953233
459,2832,midwifes1821@outlook.com,2020-04-20,Москва,fb,lal|772023
460,2833,lashorn1869@yandex.com,2020-07-17,Екатеринбург,fb,gnrl|755263
461,2835,feels2026@protonmail.com,2020-12-13,Новосибирск,yandex_direct,gnrl|845242
462,2839,tonic1836@protonmail.com,2020-04-07,Омск,yandex_direct,gnrl|953233
463,2843,anamorphose2050@gmail.com,2020-06-29,Москва,fb,lal|772023
464,2849,conservatives2004@live.com,2020-07-05,Омск,fb,lal|772023
465,2852,pewit1949@yandex.com,2020-11-23,Москва,vk,lal|727027
466,2854,scumble2027@live.com,2020-07-01,Новосибирск,yandex_direct,ret|574813
467,2858,planted1827@protonmail.com,2020-07-09,Москва,yandex_direct,ret|574813
468,2860,ablution1866@live.com,2020-08-19,Санкт-Петербург,yandex_direct,gnrl|445275
469,2863,dweller2015@gmail.com,2020-07-19,Санкт-Петербург,yandex_direct,gnrl|326308
470,2864,strongboxes1901@protonmail.com,2020-02-03,Москва,google_ads,lal|487809
471,2867,hamline1914@yandex.com,2020-02-08,Новосибирск,google_ads,lal|487809
472,2869,delage2004@yandex.com,2020-11-09,Санкт-Петербург,fb,lal|772023
473,2871,subjicible1948@live.com,2020-11-09,Москва,yandex_direct,gnrl|953233
474,2875,boons1972@gmail.com,2020-09-09,Москва,yandex_direct,gnrl|953233
475,2879,milliard1853@outlook.com,2021-01-01,Ростов-на-Дону,fb,gnrl|755263
476,2884,animated1950@outlook.com,2021-01-06,Екатеринбург,fb,gnrl|755263
477,2889,riverish1889@yahoo.com,2021-01-06,Москва,google_ads,lal|487809
478,2889,verbigeration1919@outlook.com,2020-08-28,Екатеринбург,fb,gnrl|755263
479,2890,transact2009@live.com,2020-03-21,Санкт-Петербург,yandex_direct,gnrl|445275
480,2891,anticlassicalist2015@yahoo.com,2020-06-15,Омск,yandex_direct,gnrl|845242
481,2894,unfavourably1930@yahoo.com,2020-11-01,Москва,yandex_direct,ret|574813
482,2900,unpanged2044@yahoo.com,2020-02-02,Санкт-Петербург,yandex_direct,ret|574813
483,2904,misentreat1938@live.com,2020-07-04,Новосибирск,google_ads,lal|487809
484,2908,trajects2004@live.com,2020-10-20,Москва,fb,lal|772023
485,2911,charlotte1878@live.com,2020-03-09,Санкт-Петербург,yandex_direct,gnrl|445275
486,2913,schlock1893@protonmail.com,2020-12-26,Казань,yandex_direct,gnrl|863656
487,2914,vituperatory2051@outlook.com,2020-12-23,Москва,yandex_direct,gnrl|953233
488,2914,sedatives1896@yahoo.com,2020-07-08,Москва,yandex_direct,gnrl|445275
489,2917,camden1942@gmail.com,2020-04-20,Ростов-на-Дону,,
490,2920,drunks2050@yandex.com,2020-04-27,Москва,yandex_direct,gnrl|953233
491,2923,messor1891@outlook.com,2020-12-30,Москва,yandex_direct,gnrl|863656
492,2924,buckman2030@yandex.com,2020-03-24,Санкт-Петербург,yandex_direct,gnrl|326308
493,2929,bickford1850@outlook.com,2020-10-10,Омск,google_ads,lal|487809
494,2933,bijan1808@live.com,2020-04-21,Москва,yandex_direct,gnrl|863656
495,2935,suum2028@yahoo.com,2020-09-04,Омск,yandex_direct,gnrl|326308
496,2940,arriba1882@protonmail.com,2020-11-10,Екатеринбург,vk,lal|727027
497,2944,mousse1992@protonmail.com,2020-08-07,Новосибирск,yandex_direct,gnrl|445275
498,2946,focally1904@outlook.com,2020-11-25,Москва,yandex_direct,gnrl|445275
499,2951,fossa1830@gmail.com,2020-10-09,Москва,google_ads,lal|487809
500,2952,buffoonish2054@live.com,2020-09-13,Новосибирск,,
501,2958,anesthetize1920@yandex.com,2020-03-14,Казань,yandex_direct,gnrl|445275
502,2963,bigwig2060@yandex.com,2020-08-21,Ростов-на-Дону,vk,lal|727027
503,2965,ambition2024@gmail.com,2020-07-18,Москва,yandex_direct,gnrl|845242
504,2968,deceive1963@yandex.com,2020-08-03,Москва,fb,lal|772023
505,2968,daceloninae1802@yandex.com,2020-05-07,Москва,fb,lal|772023
506,2972,primeval1823@yandex.com,2020-03-11,Москва,yandex_direct,gnrl|845242
507,2975,overshined1985@live.com,2020-08-26,Санкт-Петербург,yandex_direct,ret|574813
508,2979,aviation1838@gmail.com,2020-08-26,Челябинск,yandex_direct,ret|574813
509,2981,normality2010@gmail.com,2020-01-30,Москва,yandex_direct,gnrl|326308
510,2985,blackfeet1827@outlook.com,2020-01-21,Москва,fb,lal|772023
511,2988,emperors1850@gmail.com,2020-02-06,Москва,fb,gnrl|755263
512,2991,anamorphose1832@live.com,2020-09-02,Москва,yandex_direct,gnrl|845242
513,2996,unsquirming2033@gmail.com,2020-09-14,Нижний Новгород,yandex_direct,gnrl|845242
514,2998,abdominal2070@protonmail.com,2020-04-24,Екатеринбург,,
515,2999,calabrese1986@yahoo.com,2020-07-20,Санкт-Петербург,yandex_direct,gnrl|953233
516,3003,imprudential1953@live.com,2020-03-27,Самара,vk,lal|727027
517,3005,aural2003@protonmail.com,2020-08-22,Санкт-Петербург,google_ads,lal|487809
518,3008,craving1862@yahoo.com,2020-04-15,Москва,yandex_direct,gnrl|326308
519,3013,garbs1803@gmail.com,2020-09-02,Москва,yandex_direct,gnrl|445275
520,3016,steadiest1878@gmail.com,2020-09-12,Санкт-Петербург,yandex_direct,gnrl|326308
521,3016,deviated1885@outlook.com,2020-11-25,Москва,yandex_direct,gnrl|863656
522,3018,decimate2066@live.com,2020-07-05,Санкт-Петербург,,
523,3018,algonquians1924@gmail.com,2020-07-28,Ростов-на-Дону,google_ads,lal|487809
524,3022,blowy1990@gmail.com,2020-03-15,Москва,yandex_direct,gnrl|845242
525,3026,woodcrafty1972@yahoo.com,2020-07-05,Санкт-Петербург,vk,lal|727027
526,3029,sciomachiology1960@yandex.com,2020-11-10,Санкт-Петербург,,
527,3033,audrie1874@yandex.com,2020-11-20,Москва,yandex_direct,gnrl|326308
528,3038,monastery2027@yahoo.com,2020-05-29,Москва,yandex_direct,ret|574813
529,3044,dependent1874@gmail.com,2020-06-03,Москва,yandex_direct,ret|574813
530,3050,rebukable2019@protonmail.com,2020-12-22,Екатеринбург,yandex_direct,gnrl|445275
531,3054,iridescent2010@outlook.com,2020-09-25,Ростов-на-Дону,yandex_direct,gnrl|863656
532,3057,abstracted1848@yandex.com,2020-04-13,Москва,yandex_direct,gnrl|953233
533,3059,caterina1959@outlook.com,2020-03-23,Москва,fb,gnrl|755263
534,3061,appliable1951@yandex.com,2020-08-22,Москва,fb,lal|772023
535,3066,myographs1994@yahoo.com,2020-01-10,Санкт-Петербург,fb,lal|772023
536,3069,cheetham1964@live.com,2020-10-29,Екатеринбург,yandex_direct,gnrl|863656
537,3070,collodion1869@yahoo.com,2020-09-15,Новосибирск,fb,lal|772023
538,3074,colloid1974@live.com,2020-09-25,Новосибирск,fb,lal|772023
539,3078,beaver1833@yandex.com,2020-02-27,Ростов-на-Дону,yandex_direct,gnrl|845242
540,3080,grasper1802@yahoo.com,2020-11-05,Москва,yandex_direct,gnrl|445275
541,3084,eladio1836@protonmail.com,2020-08-26,Новосибирск,yandex_direct,gnrl|863656
542,3087,dairyman1885@live.com,2020-04-18,Новосибирск,,
543,3089,defoliant1838@live.com,2020-05-24,Омск,fb,lal|772023
544,3092,rhoda1991@outlook.com,2020-03-19,Самара,fb,gnrl|755263
545,3094,bloodhound1980@yandex.com,2020-09-19,Москва,vk,lal|727027
546,3097,consolato1812@gmail.com,2020-06-04,Москва,yandex_direct,gnrl|845242
547,3101,deemphasize1851@outlook.com,2020-11-29,Москва,fb,gnrl|755263
548,3101,batch1839@yahoo.com,2020-08-10,Омск,yandex_direct,gnrl|445275
549,3101,daaboul1823@gmail.com,2020-03-17,Москва,google_ads,lal|487809
550,3105,tewing1986@protonmail.com,2020-03-20,Санкт-Петербург,yandex_direct,gnrl|953233
551,3109,cassat2058@yandex.com,2020-09-07,Москва,yandex_direct,ret|574813
552,3111,kloof1851@yandex.com,2020-06-07,Москва,yandex_direct,gnrl|445275
553,3116,enormously1869@protonmail.com,2020-06-21,Москва,yandex_direct,gnrl|445275
554,3119,daleth1950@yandex.com,2020-07-15,Санкт-Петербург,yandex_direct,gnrl|845242
555,3124,coquitlam1862@outlook.com,2021-01-10,Москва,google_ads,lal|487809
556,3125,abridged1849@live.com,2020-07-18,Казань,google_ads,lal|487809
